,number,contractName,name,address,position,banking,bonus,status,lastUpdate,connected,overflow,shape,totalStands,mainStands,overflowStands
0,53,luxembourg,#00053-LUDWIG VAN BEETHOVEN,- LUDWIG VAN BEETHOVEN - RUE LUDWIG VAN BEETHOVEN ( DEVANT N° 45 ),"{'latitude': 49.59, 'longitude': 6.1172}",False,False,OPEN,2022-04-11T21:13:16Z,True,False,NULL,"{'availabilities': {'bikes': 4, 'stands': 15, 'mechanicalBikes': 0, 'electricalBikes': 4, 'electricalInternalBatteryBikes': 4, 'electricalRemovableBatteryBikes': 0}, 'capacity': 20}","{'availabilities': {'bikes': 4, 'stands': 15, 'mechanicalBikes': 0, 'electricalBikes': 4, 'electricalInternalBatteryBikes': 4, 'electricalRemovableBatteryBikes': 0}, 'capacity': 20}",NULL
1,24,luxembourg,#00024-WEICKER,WEICKER - AVENUE JF KENNEDY / RUE ALPHONSE WEICKER,"{'latitude': 49.631952, 'longitude': 6.17048}",False,False,OPEN,2022-04-11T21:12:14Z,True,False,NULL,"{'availabilities': {'bikes': 0, 'stands': 20, 'mechanicalBikes': 0, 'electricalBikes': 0, 'electricalInternalBatteryBikes': 0, 'electricalRemovableBatteryBikes': 0}, 'capacity': 20}","{'availabilities': {'bikes': 0, 'stands': 20, 'mechanicalBikes': 0, 'electricalBikes': 0, 'electricalInternalBatteryBikes': 0, 'electricalRemovableBatteryBikes': 0}, 'capacity': 20}",NULL
2,102,luxembourg,#00102-FENTANGE HIEHL,"FENTANGE ""Hiehl"" - RUE DE BETTEMBOURG DEVANT N°75","{'latitude': 49.567771, 'longitude': 6.152463}",False,False,OPEN,2022-04-11T21:14:32Z,True,False,NULL,"{'availabilities': {'bikes': 13, 'stands': 0, 'mechanicalBikes': 0, 'electricalBikes': 13, 'electricalInternalBatteryBikes': 13, 'electricalRemovableBatteryBikes': 0}, 'capacity': 14}","{'availabilities': {'bikes': 13, 'stands': 0, 'mechanicalBikes': 0, 'electricalBikes': 13, 'electricalInternalBatteryBikes': 13, 'electricalRemovableBatteryBikes': 0}, 'capacity': 14}",NULL
3,88,luxembourg,#00088-SERRA,SERRA - AVENUE J.F. KENNEDY / CIRCUIT DE LA FOIRE (Arrêt Luxexpo),"{'latitude': 49.635423, 'longitude': 6.176061}",True,False,OPEN,2022-04-11T21:15:19Z,True,False,NULL,"{'availabilities': {'bikes': 6, 'stands': 24, 'mechanicalBikes': 0, 'electricalBikes': 6, 'electricalInternalBatteryBikes': 6, 'electricalRemovableBatteryBikes': 0}, 'capacity': 30}","{'availabilities': {'bikes': 6, 'stands': 24, 'mechanicalBikes': 0, 'electricalBikes': 6, 'electricalInternalBatteryBikes': 6, 'electricalRemovableBatteryBikes': 0}, 'capacity': 30}",NULL
4,6,luxembourg,#00006-AL BRÉCK,AL BRÉCK - VIADUC / BOULEVARD DE LA PETRUSSE,"{'latitude': 49.60481, 'longitude': 6.133404}",False,False,OPEN,2022-04-11T21:12:07Z,True,False,NULL,"{'availabilities': {'bikes': 5, 'stands': 10, 'mechanicalBikes': 0, 'electricalBikes': 8, 'electricalInternalBatteryBikes': 8, 'electricalRemovableBatteryBikes': 0}, 'capacity': 15}","{'availabilities': {'bikes': 5, 'stands': 10, 'mechanicalBikes': 0, 'electricalBikes': 8, 'electricalInternalBatteryBikes': 8, 'electricalRemovableBatteryBikes': 0}, 'capacity': 15}",NULL
5,97,luxembourg,#00097-HELFENT (PARKING),Rue de Luxembourg/Route de Longwy,"{'latitude': 49.603644, 'longitude': 6.077783}",False,False,OPEN,2022-04-11T21:14:33Z,True,False,NULL,"{'availabilities': {'bikes': 7, 'stands': 6, 'mechanicalBikes': 0, 'electricalBikes': 9, 'electricalInternalBatteryBikes': 9, 'electricalRemovableBatteryBikes': 0}, 'capacity': 15}","{'availabilities': {'bikes': 7, 'stands': 6, 'mechanicalBikes': 0, 'electricalBikes': 9, 'electricalInternalBatteryBikes': 9, 'electricalRemovableBatteryBikes': 0}, 'capacity': 15}",NULL
6,47,luxembourg,#00047-LEOPOLD GOEBEL,LEOPOLD GOEBEL - ALLEE LEOPOLD GOEBEL ( DEVANT N° 109 ),"{'latitude': 49.6122, 'longitude': 6.1072}",False,False,OPEN,2022-04-11T21:12:53Z,True,False,NULL,"{'availabilities': {'bikes': 9, 'stands': 11, 'mechanicalBikes': 0, 'electricalBikes': 9, 'electricalInternalBatteryBikes': 9, 'electricalRemovableBatteryBikes': 0}, 'capacity': 20}","{'availabilities': {'bikes': 9, 'stands': 11, 'mechanicalBikes': 0, 'electricalBikes': 9, 'electricalInternalBatteryBikes': 9, 'electricalRemovableBatteryBikes': 0}, 'capacity': 20}",NULL
7,89,luxembourg,#00089-PLACE THORN,"Place Thorn/Bd Marcel Cahen ,50m avant rue Béatrix","{'latitude': 49.60361, 'longitude': 6.10278}",False,False,OPEN,2022-04-11T21:14:30Z,True,False,NULL,"{'availabilities': {'bikes': 7, 'stands': 11, 'mechanicalBikes': 0, 'electricalBikes': 7, 'electricalInternalBatteryBikes': 7, 'electricalRemovableBatteryBikes': 0}, 'capacity': 20}","{'availabilities': {'bikes': 7, 'stands': 11, 'mechanicalBikes': 0, 'electricalBikes': 7, 'electricalInternalBatteryBikes': 7, 'electricalRemovableBatteryBikes': 0}, 'capacity': 20}",NULL
8,33,luxembourg,#00033-K. ADENAUER,K. ADENAUER - BOULEVARD KONRAD ADENAUER ( DEVANT BEI ),"{'latitude': 49.620586, 'longitude': 6.138998}",False,False,OPEN,2022-04-11T21:12:43Z,True,False,NULL,"{'availabilities': {'bikes': 2, 'stands': 13, 'mechanicalBikes': 0, 'electricalBikes': 2, 'electricalInternalBatteryBikes': 2, 'electricalRemovableBatteryBikes': 0}, 'capacity': 15}","{'availabilities': {'bikes': 2, 'stands': 13, 'mechanicalBikes': 0, 'electricalBikes': 2, 'electricalInternalBatteryBikes': 2, 'electricalRemovableBatteryBikes': 0}, 'capacity': 15}",NULL
9,85,luxembourg,#00085-EINSTEIN,Rue Albert Einstein/Bd de Kockelscheuer,"{'latitude': 49.5842, 'longitude': 6.1249}",False,False,OPEN,2022-04-11T21:11:54Z,True,False,NULL,"{'availabilities': {'bikes': 0, 'stands': 18, 'mechanicalBikes': 0, 'electricalBikes': 1, 'electricalInternalBatteryBikes': 1, 'electricalRemovableBatteryBikes': 0}, 'capacity': 19}","{'availabilities': {'bikes': 0, 'stands': 18, 'mechanicalBikes': 0, 'electricalBikes': 1, 'electricalInternalBatteryBikes': 1, 'electricalRemovableBatteryBikes': 0}, 'capacity': 19}",NULL
10,17,luxembourg,#00017-ROBERT SCHUMAN,ROBERT SCHUMAN - SQUARE SCHUMAN,"{'latitude': 49.616669, 'longitude': 6.126069}",True,False,OPEN,2022-04-11T21:12:23Z,True,False,NULL,"{'availabilities': {'bikes': 1, 'stands': 24, 'mechanicalBikes': 0, 'electricalBikes': 1, 'electricalInternalBatteryBikes': 1, 'electricalRemovableBatteryBikes': 0}, 'capacity': 25}","{'availabilities': {'bikes': 1, 'stands': 24, 'mechanicalBikes': 0, 'electricalBikes': 1, 'electricalInternalBatteryBikes': 1, 'electricalRemovableBatteryBikes': 0}, 'capacity': 25}",NULL
11,94,luxembourg,#00094-HAMM-COLONIE,Rue de Hamm/Rue des pruniers,"{'latitude': 49.606983, 'longitude': 6.154863}",False,False,CLOSED,2022-04-11T21:12:47Z,True,False,NULL,"{'availabilities': {'bikes': 1, 'stands': 0, 'mechanicalBikes': 0, 'electricalBikes': 1, 'electricalInternalBatteryBikes': 1, 'electricalRemovableBatteryBikes': 0}, 'capacity': 20}","{'availabilities': {'bikes': 1, 'stands': 0, 'mechanicalBikes': 0, 'electricalBikes': 1, 'electricalInternalBatteryBikes': 1, 'electricalRemovableBatteryBikes': 0}, 'capacity': 20}",NULL
12,11,luxembourg,#00011-WINSTON CHURCHILL,WINSTON CHURCHILL - PLACE CHURCHILL,"{'latitude': 49.611317, 'longitude': 6.120003}",False,False,OPEN,2022-04-11T21:13:48Z,True,False,NULL,"{'availabilities': {'bikes': 6, 'stands': 8, 'mechanicalBikes': 0, 'electricalBikes': 6, 'electricalInternalBatteryBikes': 6, 'electricalRemovableBatteryBikes': 0}, 'capacity': 15}","{'availabilities': {'bikes': 6, 'stands': 8, 'mechanicalBikes': 0, 'electricalBikes': 6, 'electricalInternalBatteryBikes': 6, 'electricalRemovableBatteryBikes': 0}, 'capacity': 15}",NULL
13,23,luxembourg,#00023-REIMERWEE,REIMERWEE - BOULEVARD K ADENAUER / RUE K KALERGI,"{'latitude': 49.629448, 'longitude': 6.157348}",False,False,OPEN,2022-04-11T21:14:13Z,True,False,NULL,"{'availabilities': {'bikes': 3, 'stands': 15, 'mechanicalBikes': 0, 'electricalBikes': 3, 'electricalInternalBatteryBikes': 3, 'electricalRemovableBatteryBikes': 0}, 'capacity': 18}","{'availabilities': {'bikes': 3, 'stands': 15, 'mechanicalBikes': 0, 'electricalBikes': 3, 'electricalInternalBatteryBikes': 3, 'electricalRemovableBatteryBikes': 0}, 'capacity': 18}",NULL
14,108,luxembourg,#00108-EDELECK,EDELECK - RUE DE LUXEMBOURG / EDELECK,"{'latitude': 49.565477, 'longitude': 6.079436}",False,False,OPEN,2022-04-11T21:11:26Z,True,False,NULL,"{'availabilities': {'bikes': 5, 'stands': 15, 'mechanicalBikes': 0, 'electricalBikes': 5, 'electricalInternalBatteryBikes': 5, 'electricalRemovableBatteryBikes': 0}, 'capacity': 20}","{'availabilities': {'bikes': 5, 'stands': 15, 'mechanicalBikes': 0, 'electricalBikes': 5, 'electricalInternalBatteryBikes': 5, 'electricalRemovableBatteryBikes': 0}, 'capacity': 20}",NULL
15,75,luxembourg,#00075-BEINCHEN,BEINCHEN - RUE DU PONT,"{'latitude': 49.61561, 'longitude': 6.13097}",False,False,OPEN,2022-04-11T21:14:59Z,True,False,NULL,"{'availabilities': {'bikes': 8, 'stands': 5, 'mechanicalBikes': 0, 'electricalBikes': 9, 'electricalInternalBatteryBikes': 9, 'electricalRemovableBatteryBikes': 0}, 'capacity': 15}","{'availabilities': {'bikes': 8, 'stands': 5, 'mechanicalBikes': 0, 'electricalBikes': 9, 'electricalInternalBatteryBikes': 9, 'electricalRemovableBatteryBikes': 0}, 'capacity': 15}",NULL
16,45,luxembourg,#00045-AUBEPINES,AUBEPINES - VAL SAINTE CROIX / RUE DES AUBEPINES,"{'latitude': 49.61212, 'longitude': 6.09749}",False,False,OPEN,2022-04-11T21:11:29Z,True,False,NULL,"{'availabilities': {'bikes': 7, 'stands': 13, 'mechanicalBikes': 0, 'electricalBikes': 7, 'electricalInternalBatteryBikes': 7, 'electricalRemovableBatteryBikes': 0}, 'capacity': 20}","{'availabilities': {'bikes': 7, 'stands': 13, 'mechanicalBikes': 0, 'electricalBikes': 7, 'electricalInternalBatteryBikes': 7, 'electricalRemovableBatteryBikes': 0}, 'capacity': 20}",NULL
17,68,luxembourg,#00068-UM SCHLASS,UM SCHLASS - CEINTURE UM SCHLASS,"{'latitude': 49.57337, 'longitude': 6.14397}",False,False,OPEN,2022-04-11T21:12:25Z,True,False,NULL,"{'availabilities': {'bikes': 4, 'stands': 11, 'mechanicalBikes': 0, 'electricalBikes': 4, 'electricalInternalBatteryBikes': 4, 'electricalRemovableBatteryBikes': 0}, 'capacity': 15}","{'availabilities': {'bikes': 4, 'stands': 11, 'mechanicalBikes': 0, 'electricalBikes': 4, 'electricalInternalBatteryBikes': 4, 'electricalRemovableBatteryBikes': 0}, 'capacity': 15}",NULL
18,27,luxembourg,#00027-MERCIER,MERCIER - PLACE DE LA GARE / RUE DU COMMERCE / PARKING,"{'latitude': 49.5986, 'longitude': 6.132119}",False,False,OPEN,2022-04-11T21:15:15Z,True,False,NULL,"{'availabilities': {'bikes': 6, 'stands': 9, 'mechanicalBikes': 0, 'electricalBikes': 9, 'electricalInternalBatteryBikes': 9, 'electricalRemovableBatteryBikes': 0}, 'capacity': 15}","{'availabilities': {'bikes': 6, 'stands': 9, 'mechanicalBikes': 0, 'electricalBikes': 9, 'electricalInternalBatteryBikes': 9, 'electricalRemovableBatteryBikes': 0}, 'capacity': 15}",NULL
19,62,luxembourg,#00062-LEYDENBACH,LEYDENBACH - RUE LEYDENBACH / RUE DES LABOURS,"{'latitude': 49.62915, 'longitude': 6.173101}",False,False,OPEN,2022-04-11T21:12:03Z,True,False,NULL,"{'availabilities': {'bikes': 1, 'stands': 19, 'mechanicalBikes': 0, 'electricalBikes': 1, 'electricalInternalBatteryBikes': 1, 'electricalRemovableBatteryBikes': 0}, 'capacity': 20}","{'availabilities': {'bikes': 1, 'stands': 19, 'mechanicalBikes': 0, 'electricalBikes': 1, 'electricalInternalBatteryBikes': 1, 'electricalRemovableBatteryBikes': 0}, 'capacity': 20}",NULL
20,115,luxembourg,#00115-CENTRE CULTUREL CAP,CENTRE CULTUREL CAP - ROUTE D'ARLON N°49 / PLACE DE L'EGLISE,"{'latitude': 49.645239, 'longitude': 5.987938}",False,False,OPEN,2022-04-11T21:13:54Z,True,False,NULL,"{'availabilities': {'bikes': 11, 'stands': 4, 'mechanicalBikes': 0, 'electricalBikes': 11, 'electricalInternalBatteryBikes': 11, 'electricalRemovableBatteryBikes': 0}, 'capacity': 15}","{'availabilities': {'bikes': 11, 'stands': 4, 'mechanicalBikes': 0, 'electricalBikes': 11, 'electricalInternalBatteryBikes': 11, 'electricalRemovableBatteryBikes': 0}, 'capacity': 15}",NULL
21,82,luxembourg,#00082-GARE CENTS-HAMM,GARE CENTS-HAMM - RUE DES ALOUETTES / GARE DE CENTS-HAMM,"{'latitude': 49.614749, 'longitude': 6.164772}",False,False,OPEN,2022-04-11T21:14:38Z,True,False,NULL,"{'availabilities': {'bikes': 4, 'stands': 16, 'mechanicalBikes': 0, 'electricalBikes': 4, 'electricalInternalBatteryBikes': 4, 'electricalRemovableBatteryBikes': 0}, 'capacity': 20}","{'availabilities': {'bikes': 4, 'stands': 16, 'mechanicalBikes': 0, 'electricalBikes': 4, 'electricalInternalBatteryBikes': 4, 'electricalRemovableBatteryBikes': 0}, 'capacity': 20}",NULL
22,1,luxembourg,#00001-LEON XIII,LEON XIII-RUE DE BONNEVOIE ( DEVANT N° 103 ),"{'latitude': 49.598211, 'longitude': 6.137526}",False,False,OPEN,2022-04-11T21:15:03Z,True,False,NULL,"{'availabilities': {'bikes': 20, 'stands': 0, 'mechanicalBikes': 0, 'electricalBikes': 20, 'electricalInternalBatteryBikes': 20, 'electricalRemovableBatteryBikes': 0}, 'capacity': 20}","{'availabilities': {'bikes': 20, 'stands': 0, 'mechanicalBikes': 0, 'electricalBikes': 20, 'electricalInternalBatteryBikes': 20, 'electricalRemovableBatteryBikes': 0}, 'capacity': 20}",NULL
23,14,luxembourg,#00014-KNUEDLER,KNUEDLER - PLACE GUILLAUME,"{'latitude': 49.610126, 'longitude': 6.132084}",False,False,OPEN,2022-04-11T21:10:20Z,True,False,NULL,"{'availabilities': {'bikes': 0, 'stands': 24, 'mechanicalBikes': 0, 'electricalBikes': 1, 'electricalInternalBatteryBikes': 1, 'electricalRemovableBatteryBikes': 0}, 'capacity': 25}","{'availabilities': {'bikes': 0, 'stands': 24, 'mechanicalBikes': 0, 'electricalBikes': 1, 'electricalInternalBatteryBikes': 1, 'electricalRemovableBatteryBikes': 0}, 'capacity': 25}",NULL
24,8,luxembourg,#00008-METZER PLAZ,METZER PLAZ - PLACE DE METZ,"{'latitude': 49.607346, 'longitude': 6.12762}",False,False,OPEN,2022-04-11T21:11:47Z,True,False,NULL,"{'availabilities': {'bikes': 6, 'stands': 11, 'mechanicalBikes': 0, 'electricalBikes': 6, 'electricalInternalBatteryBikes': 6, 'electricalRemovableBatteryBikes': 0}, 'capacity': 20}","{'availabilities': {'bikes': 6, 'stands': 11, 'mechanicalBikes': 0, 'electricalBikes': 6, 'electricalInternalBatteryBikes': 6, 'electricalRemovableBatteryBikes': 0}, 'capacity': 20}",NULL
25,38,luxembourg,#00038-HELLEG GEESCHT,HELLEG GEESCHT - PLATEAU SAINT ESPRIT,"{'latitude': 49.60771, 'longitude': 6.13456}",False,False,OPEN,2022-04-11T21:10:53Z,True,False,NULL,"{'availabilities': {'bikes': 12, 'stands': 8, 'mechanicalBikes': 0, 'electricalBikes': 12, 'electricalInternalBatteryBikes': 12, 'electricalRemovableBatteryBikes': 0}, 'capacity': 20}","{'availabilities': {'bikes': 12, 'stands': 8, 'mechanicalBikes': 0, 'electricalBikes': 12, 'electricalInternalBatteryBikes': 12, 'electricalRemovableBatteryBikes': 0}, 'capacity': 20}",NULL
26,19,luxembourg,#00019-PHILHARMONIE,PHILHARMONIE - AVENUE JF KENNEDY / PLACE DE L'EUROPE,"{'latitude': 49.619345, 'longitude': 6.143907}",False,False,OPEN,2022-04-11T21:13:02Z,True,False,NULL,"{'availabilities': {'bikes': 4, 'stands': 21, 'mechanicalBikes': 0, 'electricalBikes': 4, 'electricalInternalBatteryBikes': 4, 'electricalRemovableBatteryBikes': 0}, 'capacity': 25}","{'availabilities': {'bikes': 4, 'stands': 21, 'mechanicalBikes': 0, 'electricalBikes': 4, 'electricalInternalBatteryBikes': 4, 'electricalRemovableBatteryBikes': 0}, 'capacity': 25}",NULL
27,50,luxembourg,#00050-EUROPAPARLAMENT,"EUROPAPARLAMENT - Rue Léon Hammes, prés de l'arrêt Europaparlament","{'latitude': 49.620607, 'longitude': 6.147885}",False,False,OPEN,2022-04-11T21:11:25Z,True,False,NULL,"{'availabilities': {'bikes': 0, 'stands': 20, 'mechanicalBikes': 0, 'electricalBikes': 0, 'electricalInternalBatteryBikes': 0, 'electricalRemovableBatteryBikes': 0}, 'capacity': 20}","{'availabilities': {'bikes': 0, 'stands': 20, 'mechanicalBikes': 0, 'electricalBikes': 0, 'electricalInternalBatteryBikes': 0, 'electricalRemovableBatteryBikes': 0}, 'capacity': 20}",NULL
28,78,luxembourg,#00078-ST MATHIEU,Rue St.Mathieu/ prés de l'arrêt Pafendall,"{'latitude': 49.619061, 'longitude': 6.1323}",True,False,OPEN,2022-04-11T21:10:17Z,True,False,NULL,"{'availabilities': {'bikes': 2, 'stands': 15, 'mechanicalBikes': 0, 'electricalBikes': 3, 'electricalInternalBatteryBikes': 3, 'electricalRemovableBatteryBikes': 0}, 'capacity': 18}","{'availabilities': {'bikes': 2, 'stands': 15, 'mechanicalBikes': 0, 'electricalBikes': 3, 'electricalInternalBatteryBikes': 3, 'electricalRemovableBatteryBikes': 0}, 'capacity': 18}",NULL
29,30,luxembourg,#00030-MERKELS PLAZ,- MERKELS PLAZ - RUE JEAN BAPTISTE MERKELS / Bd CHARLES MARX,"{'latitude': 49.599846, 'longitude': 6.122565}",False,False,OPEN,2022-04-11T21:11:12Z,True,False,NULL,"{'availabilities': {'bikes': 7, 'stands': 13, 'mechanicalBikes': 0, 'electricalBikes': 7, 'electricalInternalBatteryBikes': 7, 'electricalRemovableBatteryBikes': 0}, 'capacity': 20}","{'availabilities': {'bikes': 7, 'stands': 13, 'mechanicalBikes': 0, 'electricalBikes': 7, 'electricalInternalBatteryBikes': 7, 'electricalRemovableBatteryBikes': 0}, 'capacity': 20}",NULL
30,113,luxembourg,#00113-EDEMER,EDEMER - QUARTIER EDEMER / RUE D'ATHÈNES / RUE DE PARIS,"{'latitude': 49.629363, 'longitude': 6.017927}",False,False,OPEN,2022-04-11T21:13:20Z,True,False,NULL,"{'availabilities': {'bikes': 11, 'stands': 9, 'mechanicalBikes': 0, 'electricalBikes': 11, 'electricalInternalBatteryBikes': 11, 'electricalRemovableBatteryBikes': 0}, 'capacity': 20}","{'availabilities': {'bikes': 11, 'stands': 9, 'mechanicalBikes': 0, 'electricalBikes': 11, 'electricalInternalBatteryBikes': 11, 'electricalRemovableBatteryBikes': 0}, 'capacity': 20}",NULL
31,77,luxembourg,#00077-FUNICULAIRE,Avenue J.F.Kennedy/Parvis au Plateau KB prés de l'arrêt Pafendall,"{'latitude': 49.618823, 'longitude': 6.136324}",False,False,OPEN,2022-04-11T21:14:22Z,True,False,NULL,"{'availabilities': {'bikes': 0, 'stands': 20, 'mechanicalBikes': 0, 'electricalBikes': 0, 'electricalInternalBatteryBikes': 0, 'electricalRemovableBatteryBikes': 0}, 'capacity': 20}","{'availabilities': {'bikes': 0, 'stands': 20, 'mechanicalBikes': 0, 'electricalBikes': 0, 'electricalInternalBatteryBikes': 0, 'electricalRemovableBatteryBikes': 0}, 'capacity': 20}",NULL
32,72,luxembourg,#00072-AN DER BOURMICHT,- AN DER BOURMICHT - ZONE INDUSTRIELLE BOURMICHT / RES DES MEROVINGIENS,"{'latitude': 49.61086, 'longitude': 6.08097}",False,False,OPEN,2022-04-11T21:10:55Z,True,False,NULL,"{'availabilities': {'bikes': 5, 'stands': 15, 'mechanicalBikes': 0, 'electricalBikes': 5, 'electricalInternalBatteryBikes': 5, 'electricalRemovableBatteryBikes': 0}, 'capacity': 20}","{'availabilities': {'bikes': 5, 'stands': 15, 'mechanicalBikes': 0, 'electricalBikes': 5, 'electricalInternalBatteryBikes': 5, 'electricalRemovableBatteryBikes': 0}, 'capacity': 20}",NULL
33,16,luxembourg,#00016-AMELIE,- AMELIE - BOULEVARD ROYAL / AVENUE AMELIE,"{'latitude': 49.613339, 'longitude': 6.125794}",False,False,OPEN,2022-04-11T21:13:48Z,True,False,NULL,"{'availabilities': {'bikes': 0, 'stands': 20, 'mechanicalBikes': 0, 'electricalBikes': 0, 'electricalInternalBatteryBikes': 0, 'electricalRemovableBatteryBikes': 0}, 'capacity': 20}","{'availabilities': {'bikes': 0, 'stands': 20, 'mechanicalBikes': 0, 'electricalBikes': 0, 'electricalInternalBatteryBikes': 0, 'electricalRemovableBatteryBikes': 0}, 'capacity': 20}",NULL
34,22,luxembourg,#00022-CAMPUS KIRCHBIERG,CAMPUS KIRCHBIERG - BOULEVARD JF KENNEDY / RUE K KALERGI,"{'latitude': 49.6264, 'longitude': 6.1613}",False,False,OPEN,2022-04-11T21:15:09Z,True,False,NULL,"{'availabilities': {'bikes': 2, 'stands': 18, 'mechanicalBikes': 0, 'electricalBikes': 2, 'electricalInternalBatteryBikes': 2, 'electricalRemovableBatteryBikes': 0}, 'capacity': 20}","{'availabilities': {'bikes': 2, 'stands': 18, 'mechanicalBikes': 0, 'electricalBikes': 2, 'electricalInternalBatteryBikes': 2, 'electricalRemovableBatteryBikes': 0}, 'capacity': 20}",NULL
35,106,luxembourg,#00106-CENTRE,CENTRE - RUE DU LAVOIR,"{'latitude': 49.567305, 'longitude': 6.064291}",False,False,OPEN,2022-04-11T21:10:21Z,True,False,NULL,"{'availabilities': {'bikes': 7, 'stands': 8, 'mechanicalBikes': 0, 'electricalBikes': 7, 'electricalInternalBatteryBikes': 7, 'electricalRemovableBatteryBikes': 0}, 'capacity': 15}","{'availabilities': {'bikes': 7, 'stands': 8, 'mechanicalBikes': 0, 'electricalBikes': 7, 'electricalInternalBatteryBikes': 7, 'electricalRemovableBatteryBikes': 0}, 'capacity': 15}",NULL
36,73,luxembourg,#00073-JEANNE D'ARC,- JEANNE D'ARC - PLACE JEANNE D'ARC,"{'latitude': 49.59691, 'longitude': 6.147957}",False,False,OPEN,2022-04-11T21:12:25Z,True,False,NULL,"{'availabilities': {'bikes': 17, 'stands': 3, 'mechanicalBikes': 0, 'electricalBikes': 17, 'electricalInternalBatteryBikes': 17, 'electricalRemovableBatteryBikes': 0}, 'capacity': 20}","{'availabilities': {'bikes': 17, 'stands': 3, 'mechanicalBikes': 0, 'electricalBikes': 17, 'electricalInternalBatteryBikes': 17, 'electricalRemovableBatteryBikes': 0}, 'capacity': 20}",NULL
37,13,luxembourg,#00013-GELLE FRA,,"{'latitude': 49.60951, 'longitude': 6.128503}",True,False,OPEN,2022-04-11T21:15:08Z,True,False,NULL,"{'availabilities': {'bikes': 0, 'stands': 24, 'mechanicalBikes': 0, 'electricalBikes': 1, 'electricalInternalBatteryBikes': 1, 'electricalRemovableBatteryBikes': 0}, 'capacity': 25}","{'availabilities': {'bikes': 0, 'stands': 24, 'mechanicalBikes': 0, 'electricalBikes': 1, 'electricalInternalBatteryBikes': 1, 'electricalRemovableBatteryBikes': 0}, 'capacity': 25}",NULL
38,56,luxembourg,#00056-FISCHERHAFF,FISCHERHAFF- RUE DE CESSANGE 177,"{'latitude': 49.5911, 'longitude': 6.1057}",False,False,OPEN,2022-04-11T21:12:40Z,True,False,NULL,"{'availabilities': {'bikes': 12, 'stands': 11, 'mechanicalBikes': 0, 'electricalBikes': 14, 'electricalInternalBatteryBikes': 14, 'electricalRemovableBatteryBikes': 0}, 'capacity': 25}","{'availabilities': {'bikes': 12, 'stands': 11, 'mechanicalBikes': 0, 'electricalBikes': 14, 'electricalInternalBatteryBikes': 14, 'electricalRemovableBatteryBikes': 0}, 'capacity': 25}",NULL
39,25,luxembourg,#00025-KIEM,KIEM - CIRCUIT DE LA FOIRE / RUE ALPHONSE WEICKER,"{'latitude': 49.634283, 'longitude': 6.166633}",False,False,OPEN,2022-04-11T21:14:13Z,True,False,NULL,"{'availabilities': {'bikes': 4, 'stands': 16, 'mechanicalBikes': 0, 'electricalBikes': 4, 'electricalInternalBatteryBikes': 4, 'electricalRemovableBatteryBikes': 0}, 'capacity': 20}","{'availabilities': {'bikes': 4, 'stands': 16, 'mechanicalBikes': 0, 'electricalBikes': 4, 'electricalInternalBatteryBikes': 4, 'electricalRemovableBatteryBikes': 0}, 'capacity': 20}",NULL
40,48,luxembourg,#00048-BGL BNP PARIBAS,BGL BNP PARIBAS  - RUE EDOUARD STEICHEN ( FACE N° 10 ),"{'latitude': 49.632179, 'longitude': 6.174446}",False,False,OPEN,2022-04-11T21:12:49Z,True,False,NULL,"{'availabilities': {'bikes': 0, 'stands': 20, 'mechanicalBikes': 0, 'electricalBikes': 0, 'electricalInternalBatteryBikes': 0, 'electricalRemovableBatteryBikes': 0}, 'capacity': 20}","{'availabilities': {'bikes': 0, 'stands': 20, 'mechanicalBikes': 0, 'electricalBikes': 0, 'electricalInternalBatteryBikes': 0, 'electricalRemovableBatteryBikes': 0}, 'capacity': 20}",NULL
41,80,luxembourg,#00080-INS,Rue du Fort Dumoulin/Rue de Trèves,"{'latitude': 49.612542, 'longitude': 6.147918}",False,False,OPEN,2022-04-11T21:12:41Z,True,False,NULL,"{'availabilities': {'bikes': 9, 'stands': 11, 'mechanicalBikes': 0, 'electricalBikes': 9, 'electricalInternalBatteryBikes': 9, 'electricalRemovableBatteryBikes': 0}, 'capacity': 20}","{'availabilities': {'bikes': 9, 'stands': 11, 'mechanicalBikes': 0, 'electricalBikes': 9, 'electricalInternalBatteryBikes': 9, 'electricalRemovableBatteryBikes': 0}, 'capacity': 20}",NULL
42,65,luxembourg,#00065-BEI DER SCHOUL,BEI DER SCHOUL - RUE FERDINAND KUHN,"{'latitude': 49.58421, 'longitude': 6.14202}",False,False,OPEN,2022-04-11T21:14:51Z,True,False,NULL,"{'availabilities': {'bikes': 16, 'stands': 3, 'mechanicalBikes': 0, 'electricalBikes': 17, 'electricalInternalBatteryBikes': 17, 'electricalRemovableBatteryBikes': 0}, 'capacity': 20}","{'availabilities': {'bikes': 16, 'stands': 3, 'mechanicalBikes': 0, 'electricalBikes': 17, 'electricalInternalBatteryBikes': 17, 'electricalRemovableBatteryBikes': 0}, 'capacity': 20}",NULL
43,104,luxembourg,#00104-ITZIG VILLAGE/PLACE MANDERSCHEID,ITZIG VILLAGE/PLACE MANDERSCHEID - RUE DE HESPÉRANGE N°3,"{'latitude': 49.58574, 'longitude': 6.171965}",False,False,OPEN,2022-04-11T21:11:17Z,True,False,NULL,"{'availabilities': {'bikes': 9, 'stands': 6, 'mechanicalBikes': 0, 'electricalBikes': 9, 'electricalInternalBatteryBikes': 9, 'electricalRemovableBatteryBikes': 0}, 'capacity': 15}","{'availabilities': {'bikes': 9, 'stands': 6, 'mechanicalBikes': 0, 'electricalBikes': 9, 'electricalInternalBatteryBikes': 9, 'electricalRemovableBatteryBikes': 0}, 'capacity': 15}",NULL
44,15,luxembourg,#00015-THEATER PLAZ,THEATER PLAZ - PLACE DU THEATRE ( FACE N°1 ),"{'latitude': 49.612782, 'longitude': 6.131208}",False,False,OPEN,2022-04-11T21:12:34Z,True,False,NULL,"{'availabilities': {'bikes': 4, 'stands': 15, 'mechanicalBikes': 0, 'electricalBikes': 4, 'electricalInternalBatteryBikes': 4, 'electricalRemovableBatteryBikes': 0}, 'capacity': 20}","{'availabilities': {'bikes': 4, 'stands': 15, 'mechanicalBikes': 0, 'electricalBikes': 4, 'electricalInternalBatteryBikes': 4, 'electricalRemovableBatteryBikes': 0}, 'capacity': 20}",NULL
45,7,luxembourg,#00007-ROUSEGAERTCHEN,ROUSEGAERTCHEN - PLACE DES MARTYRS,"{'latitude': 49.605818, 'longitude': 6.129062}",False,False,OPEN,2022-04-11T21:12:11Z,True,False,NULL,"{'availabilities': {'bikes': 5, 'stands': 10, 'mechanicalBikes': 0, 'electricalBikes': 6, 'electricalInternalBatteryBikes': 6, 'electricalRemovableBatteryBikes': 0}, 'capacity': 15}","{'availabilities': {'bikes': 5, 'stands': 10, 'mechanicalBikes': 0, 'electricalBikes': 6, 'electricalInternalBatteryBikes': 6, 'electricalRemovableBatteryBikes': 0}, 'capacity': 15}",NULL
46,92,luxembourg,#00092-BRILL (CESSANGE),Rue des Prunelles/Bd du Brill,"{'latitude': 49.58914, 'longitude': 6.099213}",False,False,OPEN,2022-04-11T21:14:27Z,True,False,NULL,"{'availabilities': {'bikes': 11, 'stands': 8, 'mechanicalBikes': 0, 'electricalBikes': 11, 'electricalInternalBatteryBikes': 11, 'electricalRemovableBatteryBikes': 0}, 'capacity': 20}","{'availabilities': {'bikes': 11, 'stands': 8, 'mechanicalBikes': 0, 'electricalBikes': 11, 'electricalInternalBatteryBikes': 11, 'electricalRemovableBatteryBikes': 0}, 'capacity': 20}",NULL
47,52,luxembourg,#00052-BEI DER AUER,BEI DER AUER - RUE DE GASPERICH ( DEVANT N° 20 ),"{'latitude': 49.591404, 'longitude': 6.125333}",False,False,OPEN,2022-04-11T21:14:33Z,True,False,NULL,"{'availabilities': {'bikes': 10, 'stands': 8, 'mechanicalBikes': 0, 'electricalBikes': 12, 'electricalInternalBatteryBikes': 12, 'electricalRemovableBatteryBikes': 0}, 'capacity': 20}","{'availabilities': {'bikes': 10, 'stands': 8, 'mechanicalBikes': 0, 'electricalBikes': 12, 'electricalInternalBatteryBikes': 12, 'electricalRemovableBatteryBikes': 0}, 'capacity': 20}",NULL
48,84,luxembourg,#00084-BITBOURG,Rue de Bitbourg devant n°20,"{'latitude': 49.61349, 'longitude': 6.17066}",False,False,OPEN,2022-04-11T21:12:44Z,True,False,NULL,"{'availabilities': {'bikes': 4, 'stands': 16, 'mechanicalBikes': 0, 'electricalBikes': 4, 'electricalInternalBatteryBikes': 4, 'electricalRemovableBatteryBikes': 0}, 'capacity': 20}","{'availabilities': {'bikes': 4, 'stands': 16, 'mechanicalBikes': 0, 'electricalBikes': 4, 'electricalInternalBatteryBikes': 4, 'electricalRemovableBatteryBikes': 0}, 'capacity': 20}",NULL
49,37,luxembourg,#00037-GAULOIS,GAULOIS - RUE DES GAULOIS 11,"{'latitude': 49.60164, 'longitude': 6.13736}",False,False,OPEN,2022-04-11T21:12:22Z,True,False,NULL,"{'availabilities': {'bikes': 11, 'stands': 3, 'mechanicalBikes': 0, 'electricalBikes': 12, 'electricalInternalBatteryBikes': 12, 'electricalRemovableBatteryBikes': 0}, 'capacity': 15}","{'availabilities': {'bikes': 11, 'stands': 3, 'mechanicalBikes': 0, 'electricalBikes': 12, 'electricalInternalBatteryBikes': 12, 'electricalRemovableBatteryBikes': 0}, 'capacity': 15}",NULL
50,91,luxembourg,#00091-MERSCH (MÜHLENBACH),Rue de Mühlenbach/ Rue Jules Mersch,"{'latitude': 49.627834, 'longitude': 6.122333}",False,False,OPEN,2022-04-11T21:12:49Z,True,False,NULL,"{'availabilities': {'bikes': 15, 'stands': 5, 'mechanicalBikes': 0, 'electricalBikes': 15, 'electricalInternalBatteryBikes': 15, 'electricalRemovableBatteryBikes': 0}, 'capacity': 20}","{'availabilities': {'bikes': 15, 'stands': 5, 'mechanicalBikes': 0, 'electricalBikes': 15, 'electricalInternalBatteryBikes': 15, 'electricalRemovableBatteryBikes': 0}, 'capacity': 20}",NULL
51,35,luxembourg,#00035-GASTON DIDERICH,GASTON DIDERICH - AVENUE GASTON DIDERICH,"{'latitude': 49.609904, 'longitude': 6.106099}",False,False,OPEN,2022-04-11T21:13:31Z,True,False,NULL,"{'availabilities': {'bikes': 7, 'stands': 8, 'mechanicalBikes': 0, 'electricalBikes': 7, 'electricalInternalBatteryBikes': 7, 'electricalRemovableBatteryBikes': 0}, 'capacity': 15}","{'availabilities': {'bikes': 7, 'stands': 8, 'mechanicalBikes': 0, 'electricalBikes': 7, 'electricalInternalBatteryBikes': 7, 'electricalRemovableBatteryBikes': 0}, 'capacity': 15}",NULL
52,114,luxembourg,#00114-ROND-POINT MOTEL,ROND-POINT MOTEL - ROUTE D'ARLON N°1 / ROUTE DE KOERICH,"{'latitude': 49.641375, 'longitude': 6.001651}",False,False,OPEN,2022-04-11T21:11:25Z,True,False,NULL,"{'availabilities': {'bikes': 10, 'stands': 6, 'mechanicalBikes': 0, 'electricalBikes': 9, 'electricalInternalBatteryBikes': 9, 'electricalRemovableBatteryBikes': 0}, 'capacity': 16}","{'availabilities': {'bikes': 10, 'stands': 6, 'mechanicalBikes': 0, 'electricalBikes': 9, 'electricalInternalBatteryBikes': 9, 'electricalRemovableBatteryBikes': 0}, 'capacity': 16}",NULL
53,57,luxembourg,#00057-BOUILLON,BOUILLON - RUE DE BOUILLON / PARKING,"{'latitude': 49.60001, 'longitude': 6.10826}",True,False,OPEN,2022-04-11T21:14:10Z,True,False,NULL,"{'availabilities': {'bikes': 29, 'stands': 6, 'mechanicalBikes': 0, 'electricalBikes': 29, 'electricalInternalBatteryBikes': 29, 'electricalRemovableBatteryBikes': 0}, 'capacity': 35}","{'availabilities': {'bikes': 29, 'stands': 6, 'mechanicalBikes': 0, 'electricalBikes': 29, 'electricalInternalBatteryBikes': 29, 'electricalRemovableBatteryBikes': 0}, 'capacity': 35}",NULL
54,4,luxembourg,#00004-ROCADE,ROCADE-RUE DU LABORATOIRE ( DEVANT VDL ),"{'latitude': 49.602989, 'longitude': 6.136083}",False,False,OPEN,2022-04-11T21:12:46Z,True,False,NULL,"{'availabilities': {'bikes': 3, 'stands': 15, 'mechanicalBikes': 0, 'electricalBikes': 4, 'electricalInternalBatteryBikes': 4, 'electricalRemovableBatteryBikes': 0}, 'capacity': 20}","{'availabilities': {'bikes': 3, 'stands': 15, 'mechanicalBikes': 0, 'electricalBikes': 4, 'electricalInternalBatteryBikes': 4, 'electricalRemovableBatteryBikes': 0}, 'capacity': 20}",NULL
55,55,luxembourg,#00055-SCHAARFEN ECK,- SCHAARFEN ECK- RUE EMILE BIAN,"{'latitude': 49.58043, 'longitude': 6.11465}",False,False,OPEN,2022-04-11T21:14:58Z,True,False,NULL,"{'availabilities': {'bikes': 8, 'stands': 12, 'mechanicalBikes': 0, 'electricalBikes': 8, 'electricalInternalBatteryBikes': 8, 'electricalRemovableBatteryBikes': 0}, 'capacity': 20}","{'availabilities': {'bikes': 8, 'stands': 12, 'mechanicalBikes': 0, 'electricalBikes': 8, 'electricalInternalBatteryBikes': 8, 'electricalRemovableBatteryBikes': 0}, 'capacity': 20}",NULL
56,86,luxembourg,#00086-PWC - BD KOCKELSCHEUER,Rue Gerhard Mercator n°2/Bd de Kockelscheuer,"{'latitude': 49.580242, 'longitude': 6.120862}",False,False,OPEN,2022-04-11T21:12:58Z,True,False,NULL,"{'availabilities': {'bikes': 0, 'stands': 20, 'mechanicalBikes': 0, 'electricalBikes': 0, 'electricalInternalBatteryBikes': 0, 'electricalRemovableBatteryBikes': 0}, 'capacity': 20}","{'availabilities': {'bikes': 0, 'stands': 20, 'mechanicalBikes': 0, 'electricalBikes': 0, 'electricalInternalBatteryBikes': 0, 'electricalRemovableBatteryBikes': 0}, 'capacity': 20}",NULL
57,29,luxembourg,#00029-MONTEREY,MONTEREY - AVENUE DE MONTEREY ( FACE N° 49 ),"{'latitude': 49.609583, 'longitude': 6.119523}",False,False,OPEN,2022-04-11T21:12:40Z,True,False,NULL,"{'availabilities': {'bikes': 5, 'stands': 15, 'mechanicalBikes': 0, 'electricalBikes': 5, 'electricalInternalBatteryBikes': 5, 'electricalRemovableBatteryBikes': 0}, 'capacity': 20}","{'availabilities': {'bikes': 5, 'stands': 15, 'mechanicalBikes': 0, 'electricalBikes': 5, 'electricalInternalBatteryBikes': 5, 'electricalRemovableBatteryBikes': 0}, 'capacity': 20}",NULL
58,103,luxembourg,#00103-ALZINGEN GÄSSEL,ALZINGEN GÄSSEL - RUE DE L'ECOLE ANGLE RUE DE SYREN,"{'latitude': 49.568074, 'longitude': 6.163927}",False,False,OPEN,2022-04-11T21:13:03Z,True,False,NULL,"{'availabilities': {'bikes': 4, 'stands': 11, 'mechanicalBikes': 0, 'electricalBikes': 4, 'electricalInternalBatteryBikes': 4, 'electricalRemovableBatteryBikes': 0}, 'capacity': 15}","{'availabilities': {'bikes': 4, 'stands': 11, 'mechanicalBikes': 0, 'electricalBikes': 4, 'electricalInternalBatteryBikes': 4, 'electricalRemovableBatteryBikes': 0}, 'capacity': 15}",NULL
59,49,luxembourg,#00049-MARGUERITES,MARGUERITES - RUE DES MARGUERITES ( FACE N° 105 A ),"{'latitude': 49.623837, 'longitude': 6.160642}",False,False,OPEN,2022-04-11T21:13:49Z,True,False,NULL,"{'availabilities': {'bikes': 6, 'stands': 12, 'mechanicalBikes': 0, 'electricalBikes': 8, 'electricalInternalBatteryBikes': 8, 'electricalRemovableBatteryBikes': 0}, 'capacity': 20}","{'availabilities': {'bikes': 6, 'stands': 12, 'mechanicalBikes': 0, 'electricalBikes': 8, 'electricalInternalBatteryBikes': 8, 'electricalRemovableBatteryBikes': 0}, 'capacity': 20}",NULL
60,105,luxembourg,#00105-ITZIG PLATEAU/HUBERTUSPAD,ITZIG PLATEAU/HUBERTUSPAD - RUE DE LA LIBÉRATION N°28,"{'latitude': 49.587633, 'longitude': 6.170123}",False,False,OPEN,2022-04-11T21:14:14Z,True,False,NULL,"{'availabilities': {'bikes': 3, 'stands': 11, 'mechanicalBikes': 0, 'electricalBikes': 3, 'electricalInternalBatteryBikes': 3, 'electricalRemovableBatteryBikes': 0}, 'capacity': 14}","{'availabilities': {'bikes': 3, 'stands': 11, 'mechanicalBikes': 0, 'electricalBikes': 3, 'electricalInternalBatteryBikes': 3, 'electricalRemovableBatteryBikes': 0}, 'capacity': 14}",NULL
61,12,luxembourg,#00012-ËNNESCHTGAASS,ËNNESCHTGAASS - RUE NOTRE DAME 37,"{'latitude': 49.610738, 'longitude': 6.126743}",True,False,OPEN,2022-04-11T21:13:56Z,True,False,NULL,"{'availabilities': {'bikes': 0, 'stands': 17, 'mechanicalBikes': 0, 'electricalBikes': 0, 'electricalInternalBatteryBikes': 0, 'electricalRemovableBatteryBikes': 0}, 'capacity': 20}","{'availabilities': {'bikes': 0, 'stands': 17, 'mechanicalBikes': 0, 'electricalBikes': 0, 'electricalInternalBatteryBikes': 0, 'electricalRemovableBatteryBikes': 0}, 'capacity': 20}",NULL
62,5,luxembourg,#00005-PARAISER PLAZ,PARAISER PLAZ - Rue Sainte ZITHE devant n°49 angle Place de Paris,"{'latitude': 49.603694, 'longitude': 6.130189}",False,False,OPEN,2022-04-11T21:10:17Z,True,False,NULL,"{'availabilities': {'bikes': 8, 'stands': 17, 'mechanicalBikes': 0, 'electricalBikes': 8, 'electricalInternalBatteryBikes': 8, 'electricalRemovableBatteryBikes': 0}, 'capacity': 25}","{'availabilities': {'bikes': 8, 'stands': 17, 'mechanicalBikes': 0, 'electricalBikes': 8, 'electricalInternalBatteryBikes': 8, 'electricalRemovableBatteryBikes': 0}, 'capacity': 25}",NULL
63,44,luxembourg,#00044-ARELER STROOSS,ARELER STROOSS - RUE DES AUBEPINES ( FACE N° 187 ),"{'latitude': 49.6162, 'longitude': 6.0984}",True,False,OPEN,2022-04-11T21:11:00Z,True,False,NULL,"{'availabilities': {'bikes': 5, 'stands': 14, 'mechanicalBikes': 0, 'electricalBikes': 5, 'electricalInternalBatteryBikes': 5, 'electricalRemovableBatteryBikes': 0}, 'capacity': 20}","{'availabilities': {'bikes': 5, 'stands': 14, 'mechanicalBikes': 0, 'electricalBikes': 5, 'electricalInternalBatteryBikes': 5, 'electricalRemovableBatteryBikes': 0}, 'capacity': 20}",NULL
64,112,luxembourg,#00112-ADMINISTRATION COMMUNALE,ADMINISTRATION COMMUNALE - RUE DE MARCHÉ / PLACE DE L'INDÉPENDANCE,"{'latitude': 49.62635, 'longitude': 6.022996}",False,False,OPEN,2022-04-11T21:11:29Z,True,False,NULL,"{'availabilities': {'bikes': 6, 'stands': 13, 'mechanicalBikes': 0, 'electricalBikes': 7, 'electricalInternalBatteryBikes': 7, 'electricalRemovableBatteryBikes': 0}, 'capacity': 20}","{'availabilities': {'bikes': 6, 'stands': 13, 'mechanicalBikes': 0, 'electricalBikes': 7, 'electricalInternalBatteryBikes': 7, 'electricalRemovableBatteryBikes': 0}, 'capacity': 20}",NULL
65,109,luxembourg,#00109-FOYER,FOYER - RUE LÉON LAVAL N°21,"{'latitude': 49.569178, 'longitude': 6.08175}",False,False,OPEN,2022-04-11T21:13:14Z,True,False,NULL,"{'availabilities': {'bikes': 5, 'stands': 10, 'mechanicalBikes': 0, 'electricalBikes': 5, 'electricalInternalBatteryBikes': 5, 'electricalRemovableBatteryBikes': 0}, 'capacity': 15}","{'availabilities': {'bikes': 5, 'stands': 10, 'mechanicalBikes': 0, 'electricalBikes': 5, 'electricalInternalBatteryBikes': 5, 'electricalRemovableBatteryBikes': 0}, 'capacity': 15}",NULL
66,31,luxembourg,#00031-PLACE DE FRANCE,PLACE DE FRANCE - PLACE DE FRANCE,"{'latitude': 49.60625, 'longitude': 6.105961}",False,False,OPEN,2022-04-11T21:10:54Z,True,False,NULL,"{'availabilities': {'bikes': 15, 'stands': 4, 'mechanicalBikes': 0, 'electricalBikes': 15, 'electricalInternalBatteryBikes': 15, 'electricalRemovableBatteryBikes': 0}, 'capacity': 20}","{'availabilities': {'bikes': 15, 'stands': 4, 'mechanicalBikes': 0, 'electricalBikes': 15, 'electricalInternalBatteryBikes': 15, 'electricalRemovableBatteryBikes': 0}, 'capacity': 20}",NULL
67,36,luxembourg,#00036-J.B. GELLE,J.B. GELLE - RUE JEAN- BAPTISTE GELLE ( DEVANT N° 6 ),"{'latitude': 49.596787, 'longitude': 6.1400375}",False,False,OPEN,2022-04-11T21:13:03Z,True,False,NULL,"{'availabilities': {'bikes': 15, 'stands': 0, 'mechanicalBikes': 0, 'electricalBikes': 15, 'electricalInternalBatteryBikes': 15, 'electricalRemovableBatteryBikes': 0}, 'capacity': 15}","{'availabilities': {'bikes': 15, 'stands': 0, 'mechanicalBikes': 0, 'electricalBikes': 15, 'electricalInternalBatteryBikes': 15, 'electricalRemovableBatteryBikes': 0}, 'capacity': 15}",NULL
68,95,luxembourg,#00095-MAIRIE DE BERTRANGE,MAIRIE DE BERTRANGE-2 Beim Schlass/ Rue de Leudelange,"{'latitude': 49.61093, 'longitude': 6.051527}",False,False,OPEN,2022-04-11T21:12:14Z,True,False,NULL,"{'availabilities': {'bikes': 11, 'stands': 4, 'mechanicalBikes': 0, 'electricalBikes': 11, 'electricalInternalBatteryBikes': 11, 'electricalRemovableBatteryBikes': 0}, 'capacity': 15}","{'availabilities': {'bikes': 11, 'stands': 4, 'mechanicalBikes': 0, 'electricalBikes': 11, 'electricalInternalBatteryBikes': 11, 'electricalRemovableBatteryBikes': 0}, 'capacity': 15}",NULL
69,10,luxembourg,#00010-MÄRELER PARC,MÄRELER PARC - RUE DU 10 SEPTEMBRE ( DEVANT N° 108 ),"{'latitude': 49.608146, 'longitude': 6.111627}",False,False,OPEN,2022-04-11T21:15:10Z,True,False,NULL,"{'availabilities': {'bikes': 10, 'stands': 5, 'mechanicalBikes': 0, 'electricalBikes': 10, 'electricalInternalBatteryBikes': 10, 'electricalRemovableBatteryBikes': 0}, 'capacity': 15}","{'availabilities': {'bikes': 10, 'stands': 5, 'mechanicalBikes': 0, 'electricalBikes': 10, 'electricalInternalBatteryBikes': 10, 'electricalRemovableBatteryBikes': 0}, 'capacity': 15}",NULL
70,39,luxembourg,#00039-KRAIZGRENNCHEN,KRAIZGRENNCHEN - SQUARE DE NEW- YORK,"{'latitude': 49.613316, 'longitude': 6.117582}",False,False,OPEN,2022-04-11T21:12:42Z,True,False,NULL,"{'availabilities': {'bikes': 1, 'stands': 17, 'mechanicalBikes': 0, 'electricalBikes': 1, 'electricalInternalBatteryBikes': 1, 'electricalRemovableBatteryBikes': 0}, 'capacity': 20}","{'availabilities': {'bikes': 1, 'stands': 17, 'mechanicalBikes': 0, 'electricalBikes': 1, 'electricalInternalBatteryBikes': 1, 'electricalRemovableBatteryBikes': 0}, 'capacity': 20}",NULL
71,117,luxembourg,#00117-SYRDALL SCHWEMM,SYRDALL SCHWEMM - ROUTSCHEED N°8,"{'latitude': 49.65314, 'longitude': 6.245365}",False,False,OPEN,2022-04-11T21:13:01Z,True,False,NULL,"{'availabilities': {'bikes': 12, 'stands': 7, 'mechanicalBikes': 0, 'electricalBikes': 12, 'electricalInternalBatteryBikes': 12, 'electricalRemovableBatteryBikes': 0}, 'capacity': 20}","{'availabilities': {'bikes': 12, 'stands': 7, 'mechanicalBikes': 0, 'electricalBikes': 12, 'electricalInternalBatteryBikes': 12, 'electricalRemovableBatteryBikes': 0}, 'capacity': 20}",NULL
72,34,luxembourg,#00034-KOLLEISCH,- KOLLEISCH - RUE DE BRAGANCE,"{'latitude': 49.604577, 'longitude': 6.111927}",False,False,OPEN,2022-04-11T21:14:08Z,True,False,NULL,"{'availabilities': {'bikes': 20, 'stands': 10, 'mechanicalBikes': 0, 'electricalBikes': 21, 'electricalInternalBatteryBikes': 21, 'electricalRemovableBatteryBikes': 0}, 'capacity': 31}","{'availabilities': {'bikes': 20, 'stands': 10, 'mechanicalBikes': 0, 'electricalBikes': 21, 'electricalInternalBatteryBikes': 21, 'electricalRemovableBatteryBikes': 0}, 'capacity': 31}",NULL
73,63,luxembourg,#00063-LABOURS,LABOURS - RUE DES LABOURS / BLD J.F.KENNEDY,"{'latitude': 49.6301, 'longitude': 6.16843}",False,False,OPEN,2022-04-11T21:13:27Z,True,False,NULL,"{'availabilities': {'bikes': 0, 'stands': 20, 'mechanicalBikes': 0, 'electricalBikes': 0, 'electricalInternalBatteryBikes': 0, 'electricalRemovableBatteryBikes': 0}, 'capacity': 20}","{'availabilities': {'bikes': 0, 'stands': 20, 'mechanicalBikes': 0, 'electricalBikes': 0, 'electricalInternalBatteryBikes': 0, 'electricalRemovableBatteryBikes': 0}, 'capacity': 20}",NULL
74,76,luxembourg,#00076-SAUVAGE,SAUVAGE - RUE JEAN-PIERRE SAUVAGE,"{'latitude': 49.62521, 'longitude': 6.13938}",False,False,OPEN,2022-04-11T21:14:18Z,True,False,NULL,"{'availabilities': {'bikes': 15, 'stands': 0, 'mechanicalBikes': 0, 'electricalBikes': 15, 'electricalInternalBatteryBikes': 15, 'electricalRemovableBatteryBikes': 0}, 'capacity': 15}","{'availabilities': {'bikes': 15, 'stands': 0, 'mechanicalBikes': 0, 'electricalBikes': 15, 'electricalInternalBatteryBikes': 15, 'electricalRemovableBatteryBikes': 0}, 'capacity': 15}",NULL
75,41,luxembourg,#00041-PLACE LAURENT,PLACE LAURENT - PLACE AUGUSTE LAURENT,"{'latitude': 49.620066, 'longitude': 6.122905}",False,False,OPEN,2022-04-11T21:13:44Z,True,False,NULL,"{'availabilities': {'bikes': 9, 'stands': 10, 'mechanicalBikes': 0, 'electricalBikes': 11, 'electricalInternalBatteryBikes': 11, 'electricalRemovableBatteryBikes': 0}, 'capacity': 20}","{'availabilities': {'bikes': 9, 'stands': 10, 'mechanicalBikes': 0, 'electricalBikes': 11, 'electricalInternalBatteryBikes': 11, 'electricalRemovableBatteryBikes': 0}, 'capacity': 20}",NULL
76,28,luxembourg,#00028-CHARLY'S GARE,CHARLY'S GARE - BOULEVARD PRINCE HENRI,"{'latitude': 49.61258, 'longitude': 6.12391}",False,False,OPEN,2022-04-11T21:11:39Z,True,False,NULL,"{'availabilities': {'bikes': 0, 'stands': 20, 'mechanicalBikes': 0, 'electricalBikes': 0, 'electricalInternalBatteryBikes': 0, 'electricalRemovableBatteryBikes': 0}, 'capacity': 20}","{'availabilities': {'bikes': 0, 'stands': 20, 'mechanicalBikes': 0, 'electricalBikes': 0, 'electricalInternalBatteryBikes': 0, 'electricalRemovableBatteryBikes': 0}, 'capacity': 20}",NULL
77,2,luxembourg,#00002-GARE CENTRALE 2,GARE CENTRALE 2 - PLACE DE LA GARE N°3-5,"{'latitude': 49.601051, 'longitude': 6.133744}",True,False,OPEN,2022-04-11T21:13:58Z,True,False,NULL,"{'availabilities': {'bikes': 11, 'stands': 7, 'mechanicalBikes': 0, 'electricalBikes': 13, 'electricalInternalBatteryBikes': 13, 'electricalRemovableBatteryBikes': 0}, 'capacity': 21}","{'availabilities': {'bikes': 11, 'stands': 7, 'mechanicalBikes': 0, 'electricalBikes': 13, 'electricalInternalBatteryBikes': 13, 'electricalRemovableBatteryBikes': 0}, 'capacity': 21}",NULL
78,99,luxembourg,#00099-CAMPUS CENTS,CAMPUS CENTS - RUE LÉON KAUFFMAN/RUE ROBERT BRUCH,"{'latitude': 49.617566, 'longitude': 6.165165}",False,False,OPEN,2022-04-11T21:12:02Z,True,False,NULL,"{'availabilities': {'bikes': 2, 'stands': 13, 'mechanicalBikes': 0, 'electricalBikes': 3, 'electricalInternalBatteryBikes': 3, 'electricalRemovableBatteryBikes': 0}, 'capacity': 20}","{'availabilities': {'bikes': 2, 'stands': 13, 'mechanicalBikes': 0, 'electricalBikes': 3, 'electricalInternalBatteryBikes': 3, 'electricalRemovableBatteryBikes': 0}, 'capacity': 20}",NULL
79,83,luxembourg,#00083-PULVERMÜHL,Rue de Pulvermûhl/Rue du Fort Dumoulin,"{'latitude': 49.608758, 'longitude': 6.149591}",False,False,OPEN,2022-04-11T21:15:01Z,True,False,NULL,"{'availabilities': {'bikes': 15, 'stands': 5, 'mechanicalBikes': 0, 'electricalBikes': 15, 'electricalInternalBatteryBikes': 15, 'electricalRemovableBatteryBikes': 0}, 'capacity': 20}","{'availabilities': {'bikes': 15, 'stands': 5, 'mechanicalBikes': 0, 'electricalBikes': 15, 'electricalInternalBatteryBikes': 15, 'electricalRemovableBatteryBikes': 0}, 'capacity': 20}",NULL
80,51,luxembourg,#00051-SAUERWISS,SAUERWISS - RUE ABBE FRANCOIS LASCOMBE ( DEVANT N° 54 ),"{'latitude': 49.594088, 'longitude': 6.125123}",False,False,OPEN,2022-04-11T21:15:07Z,True,False,NULL,"{'availabilities': {'bikes': 12, 'stands': 8, 'mechanicalBikes': 0, 'electricalBikes': 12, 'electricalInternalBatteryBikes': 12, 'electricalRemovableBatteryBikes': 0}, 'capacity': 20}","{'availabilities': {'bikes': 12, 'stands': 8, 'mechanicalBikes': 0, 'electricalBikes': 12, 'electricalInternalBatteryBikes': 12, 'electricalRemovableBatteryBikes': 0}, 'capacity': 20}",NULL
81,90,luxembourg,#00090-HUBERTY (MÜHLENBACH),Rue de Mühlenbach/Rue Jean-Pierre Huberty,"{'latitude': 49.6294701613971, 'longitude': 6.11780413988129}",True,False,OPEN,2022-04-11T21:13:22Z,True,False,NULL,"{'availabilities': {'bikes': 9, 'stands': 8, 'mechanicalBikes': 0, 'electricalBikes': 10, 'electricalInternalBatteryBikes': 10, 'electricalRemovableBatteryBikes': 0}, 'capacity': 20}","{'availabilities': {'bikes': 9, 'stands': 8, 'mechanicalBikes': 0, 'electricalBikes': 10, 'electricalInternalBatteryBikes': 10, 'electricalRemovableBatteryBikes': 0}, 'capacity': 20}",NULL
82,20,luxembourg,#00020-COQUE,COQUE - AVENUE JF KENNEDY / RUE ERASME,"{'latitude': 49.62297, 'longitude': 6.15497}",False,False,OPEN,2022-04-11T21:12:12Z,True,False,NULL,"{'availabilities': {'bikes': 4, 'stands': 15, 'mechanicalBikes': 0, 'electricalBikes': 5, 'electricalInternalBatteryBikes': 5, 'electricalRemovableBatteryBikes': 0}, 'capacity': 20}","{'availabilities': {'bikes': 4, 'stands': 15, 'mechanicalBikes': 0, 'electricalBikes': 5, 'electricalInternalBatteryBikes': 5, 'electricalRemovableBatteryBikes': 0}, 'capacity': 20}",NULL
83,98,luxembourg,#00098-CITY CONCORDE,CITY CONCORDE - Route de Longwy face n° 80 (City Concorde),"{'latitude': 49.600592, 'longitude': 6.065794}",False,False,OPEN,2022-04-11T21:12:15Z,True,False,NULL,"{'availabilities': {'bikes': 4, 'stands': 16, 'mechanicalBikes': 0, 'electricalBikes': 4, 'electricalInternalBatteryBikes': 4, 'electricalRemovableBatteryBikes': 0}, 'capacity': 20}","{'availabilities': {'bikes': 4, 'stands': 16, 'mechanicalBikes': 0, 'electricalBikes': 4, 'electricalInternalBatteryBikes': 4, 'electricalRemovableBatteryBikes': 0}, 'capacity': 20}",NULL
84,58,luxembourg,#00058-SCHLUECHTHAUS,SCHLUECHTHAUS - RUE DE L'ABATTOIR,"{'latitude': 49.60136, 'longitude': 6.11581}",False,False,OPEN,2022-04-11T21:14:27Z,True,False,NULL,"{'availabilities': {'bikes': 11, 'stands': 5, 'mechanicalBikes': 0, 'electricalBikes': 14, 'electricalInternalBatteryBikes': 14, 'electricalRemovableBatteryBikes': 0}, 'capacity': 20}","{'availabilities': {'bikes': 11, 'stands': 5, 'mechanicalBikes': 0, 'electricalBikes': 14, 'electricalInternalBatteryBikes': 14, 'electricalRemovableBatteryBikes': 0}, 'capacity': 20}",NULL
85,71,luxembourg,#00071-LES THERMES,LES THERMES - RUE DU CIMETIERE,"{'latitude': 49.61489, 'longitude': 6.07275}",False,False,OPEN,2022-04-11T21:13:15Z,True,False,NULL,"{'availabilities': {'bikes': 10, 'stands': 9, 'mechanicalBikes': 0, 'electricalBikes': 10, 'electricalInternalBatteryBikes': 10, 'electricalRemovableBatteryBikes': 0}, 'capacity': 20}","{'availabilities': {'bikes': 10, 'stands': 9, 'mechanicalBikes': 0, 'electricalBikes': 10, 'electricalInternalBatteryBikes': 10, 'electricalRemovableBatteryBikes': 0}, 'capacity': 20}",NULL
86,67,luxembourg,#00067-MAIRIE DE HESPERANGE,MAIRIE DE HESPERANGE - ROUTE DE THIONVILLE 474,"{'latitude': 49.571924, 'longitude': 6.15965}",False,False,OPEN,2022-04-11T21:12:04Z,True,False,NULL,"{'availabilities': {'bikes': 14, 'stands': 5, 'mechanicalBikes': 0, 'electricalBikes': 14, 'electricalInternalBatteryBikes': 14, 'electricalRemovableBatteryBikes': 0}, 'capacity': 20}","{'availabilities': {'bikes': 14, 'stands': 5, 'mechanicalBikes': 0, 'electricalBikes': 14, 'electricalInternalBatteryBikes': 14, 'electricalRemovableBatteryBikes': 0}, 'capacity': 20}",NULL
87,87,luxembourg,#00087-NATIONALBIBLIOTHEIK,NATIONALBIBLIOTHEIK - Bd. KONRAD ADENAUER (Immeuble Bibliothèque Nationale),"{'latitude': 49.629865, 'longitude': 6.166252}",False,False,OPEN,2022-04-11T21:11:38Z,True,False,NULL,"{'availabilities': {'bikes': 0, 'stands': 19, 'mechanicalBikes': 0, 'electricalBikes': 0, 'electricalInternalBatteryBikes': 0, 'electricalRemovableBatteryBikes': 0}, 'capacity': 20}","{'availabilities': {'bikes': 0, 'stands': 19, 'mechanicalBikes': 0, 'electricalBikes': 0, 'electricalInternalBatteryBikes': 0, 'electricalRemovableBatteryBikes': 0}, 'capacity': 20}",NULL
88,79,luxembourg,#00079-GARE CENTRALE,GARE CENTRALE - PLACE DE LA GARE (Quai n°1),"{'latitude': 49.6017, 'longitude': 6.1331}",False,False,OPEN,2022-04-11T21:15:08Z,True,False,NULL,"{'availabilities': {'bikes': 4, 'stands': 13, 'mechanicalBikes': 0, 'electricalBikes': 9, 'electricalInternalBatteryBikes': 9, 'electricalRemovableBatteryBikes': 0}, 'capacity': 20}","{'availabilities': {'bikes': 4, 'stands': 13, 'mechanicalBikes': 0, 'electricalBikes': 9, 'electricalInternalBatteryBikes': 9, 'electricalRemovableBatteryBikes': 0}, 'capacity': 20}",NULL
89,96,luxembourg,#00096-BERTRANGE - GARE,Rue de l'industrie/Rue Chemin de Fer/ Rue de Strassen,"{'latitude': 49.613161, 'longitude': 6.060382}",False,False,OPEN,2022-04-11T21:12:59Z,True,False,NULL,"{'availabilities': {'bikes': 9, 'stands': 5, 'mechanicalBikes': 0, 'electricalBikes': 9, 'electricalInternalBatteryBikes': 9, 'electricalRemovableBatteryBikes': 0}, 'capacity': 15}","{'availabilities': {'bikes': 9, 'stands': 5, 'mechanicalBikes': 0, 'electricalBikes': 9, 'electricalInternalBatteryBikes': 9, 'electricalRemovableBatteryBikes': 0}, 'capacity': 15}",NULL
90,26,luxembourg,#00026-HOLLERECHER PLAZ,HOLLERECHER PLAZ - PLACE SAINT PIERRE ET PAUL / RUE BAUDOUIN,"{'latitude': 49.598613, 'longitude': 6.117957}",False,False,OPEN,2022-04-11T21:12:31Z,True,False,NULL,"{'availabilities': {'bikes': 12, 'stands': 13, 'mechanicalBikes': 0, 'electricalBikes': 12, 'electricalInternalBatteryBikes': 12, 'electricalRemovableBatteryBikes': 0}, 'capacity': 25}","{'availabilities': {'bikes': 12, 'stands': 13, 'mechanicalBikes': 0, 'electricalBikes': 12, 'electricalInternalBatteryBikes': 12, 'electricalRemovableBatteryBikes': 0}, 'capacity': 25}",NULL
91,54,luxembourg,#00054-CLOCHE D' OR,CLOCHE D'OR - RUE JEAN PIRET ( DEVANT N° 3 ),"{'latitude': 49.583377, 'longitude': 6.115817}",False,False,OPEN,2022-04-11T21:12:55Z,True,False,NULL,"{'availabilities': {'bikes': 0, 'stands': 19, 'mechanicalBikes': 0, 'electricalBikes': 0, 'electricalInternalBatteryBikes': 0, 'electricalRemovableBatteryBikes': 0}, 'capacity': 20}","{'availabilities': {'bikes': 0, 'stands': 19, 'mechanicalBikes': 0, 'electricalBikes': 0, 'electricalInternalBatteryBikes': 0, 'electricalRemovableBatteryBikes': 0}, 'capacity': 20}",NULL
92,81,luxembourg,#00081-CARMEL,Allée du Carmel/Rue Paul Albrecht face Police,"{'latitude': 49.62019, 'longitude': 6.172682}",False,False,OPEN,2022-04-11T21:14:19Z,True,False,NULL,"{'availabilities': {'bikes': 10, 'stands': 9, 'mechanicalBikes': 0, 'electricalBikes': 10, 'electricalInternalBatteryBikes': 10, 'electricalRemovableBatteryBikes': 0}, 'capacity': 20}","{'availabilities': {'bikes': 10, 'stands': 9, 'mechanicalBikes': 0, 'electricalBikes': 10, 'electricalInternalBatteryBikes': 10, 'electricalRemovableBatteryBikes': 0}, 'capacity': 20}",NULL
93,116,luxembourg,#00116-CHARLY'S STATION,CHARLY'S STATION - RUE DE GRÜNEWALD / CHÂTEAU D'EAU À 2633 SENNINGERBERG,"{'latitude': 49.649823, 'longitude': 6.225796}",False,False,OPEN,2022-04-11T21:12:22Z,True,False,NULL,"{'availabilities': {'bikes': 11, 'stands': 9, 'mechanicalBikes': 0, 'electricalBikes': 11, 'electricalInternalBatteryBikes': 11, 'electricalRemovableBatteryBikes': 0}, 'capacity': 20}","{'availabilities': {'bikes': 11, 'stands': 9, 'mechanicalBikes': 0, 'electricalBikes': 11, 'electricalInternalBatteryBikes': 11, 'electricalRemovableBatteryBikes': 0}, 'capacity': 20}",NULL
94,70,luxembourg,#00070-GEMENG STROOSSEN,- GEMENG STROOSSEN - RUE DES ROMAINS,"{'latitude': 49.61909, 'longitude': 6.07227}",True,False,OPEN,2022-04-11T21:14:03Z,True,False,NULL,"{'availabilities': {'bikes': 5, 'stands': 14, 'mechanicalBikes': 0, 'electricalBikes': 6, 'electricalInternalBatteryBikes': 6, 'electricalRemovableBatteryBikes': 0}, 'capacity': 20}","{'availabilities': {'bikes': 5, 'stands': 14, 'mechanicalBikes': 0, 'electricalBikes': 6, 'electricalInternalBatteryBikes': 6, 'electricalRemovableBatteryBikes': 0}, 'capacity': 20}",NULL
95,9,luxembourg,#00009-CONVICT,CONVICT - PLACE DU FOYER,"{'latitude': 49.6059, 'longitude': 6.1199}",True,False,OPEN,2022-04-11T21:13:15Z,True,False,NULL,"{'availabilities': {'bikes': 11, 'stands': 6, 'mechanicalBikes': 0, 'electricalBikes': 11, 'electricalInternalBatteryBikes': 11, 'electricalRemovableBatteryBikes': 0}, 'capacity': 20}","{'availabilities': {'bikes': 11, 'stands': 6, 'mechanicalBikes': 0, 'electricalBikes': 11, 'electricalInternalBatteryBikes': 11, 'electricalRemovableBatteryBikes': 0}, 'capacity': 20}",NULL
96,43,luxembourg,#00043-LYCEE TECHNIQUE DE BONNEVOIE,LYCEE TECHNIQUE DE BONNEVOIE - RUE DU CIMETIERE ( DEVANT N° 110 ),"{'latitude': 49.5911, 'longitude': 6.1416}",False,False,OPEN,2022-04-11T21:13:06Z,True,False,NULL,"{'availabilities': {'bikes': 13, 'stands': 6, 'mechanicalBikes': 0, 'electricalBikes': 13, 'electricalInternalBatteryBikes': 13, 'electricalRemovableBatteryBikes': 0}, 'capacity': 20}","{'availabilities': {'bikes': 13, 'stands': 6, 'mechanicalBikes': 0, 'electricalBikes': 13, 'electricalInternalBatteryBikes': 13, 'electricalRemovableBatteryBikes': 0}, 'capacity': 20}",NULL
97,111,luxembourg,#00111-HALL SPORTIF NICOLAS FRANTZ,HALL SPORTIF NICOLAS FRANTZ - RUE DE BERTRANGE / HALL SPORTIF NICOLAS FRANTZ,"{'latitude': 49.623154, 'longitude': 6.024879}",False,False,OPEN,2022-04-11T21:14:53Z,True,False,NULL,"{'availabilities': {'bikes': 10, 'stands': 10, 'mechanicalBikes': 0, 'electricalBikes': 10, 'electricalInternalBatteryBikes': 10, 'electricalRemovableBatteryBikes': 0}, 'capacity': 20}","{'availabilities': {'bikes': 10, 'stands': 10, 'mechanicalBikes': 0, 'electricalBikes': 10, 'electricalInternalBatteryBikes': 10, 'electricalRemovableBatteryBikes': 0}, 'capacity': 20}",NULL
98,59,luxembourg,#00059-ST HUBERT,ST HUBERT - RUE DE MERL 147 / RUE ST HUBERT,"{'latitude': 49.60289, 'longitude': 6.09322}",True,False,OPEN,2022-04-11T21:12:18Z,True,False,NULL,"{'availabilities': {'bikes': 12, 'stands': 7, 'mechanicalBikes': 0, 'electricalBikes': 12, 'electricalInternalBatteryBikes': 12, 'electricalRemovableBatteryBikes': 0}, 'capacity': 20}","{'availabilities': {'bikes': 12, 'stands': 7, 'mechanicalBikes': 0, 'electricalBikes': 12, 'electricalInternalBatteryBikes': 12, 'electricalRemovableBatteryBikes': 0}, 'capacity': 20}",NULL
99,69,luxembourg,#00069-UM REIMERWEE,UM REIMERWEE - RUE DU KIEM,"{'latitude': 49.61769, 'longitude': 6.08276}",False,False,OPEN,2022-04-11T21:13:43Z,True,False,NULL,"{'availabilities': {'bikes': 3, 'stands': 15, 'mechanicalBikes': 0, 'electricalBikes': 5, 'electricalInternalBatteryBikes': 5, 'electricalRemovableBatteryBikes': 0}, 'capacity': 20}","{'availabilities': {'bikes': 3, 'stands': 15, 'mechanicalBikes': 0, 'electricalBikes': 5, 'electricalInternalBatteryBikes': 5, 'electricalRemovableBatteryBikes': 0}, 'capacity': 20}",NULL
100,74,luxembourg,#00074-SAINTE CUNEGONDE,SAINTE CUNEGONDE - PLACE STE CUNEGONDE,"{'latitude': 49.6146, 'longitude': 6.14283}",False,False,OPEN,2022-04-11T21:13:05Z,True,False,NULL,"{'availabilities': {'bikes': 13, 'stands': 2, 'mechanicalBikes': 0, 'electricalBikes': 13, 'electricalInternalBatteryBikes': 13, 'electricalRemovableBatteryBikes': 0}, 'capacity': 15}","{'availabilities': {'bikes': 13, 'stands': 2, 'mechanicalBikes': 0, 'electricalBikes': 13, 'electricalInternalBatteryBikes': 13, 'electricalRemovableBatteryBikes': 0}, 'capacity': 15}",NULL
101,18,luxembourg,#00018-CAMPUS LAMPERTSBIERG,CAMPUS LAMPERTSBIERG - RUE DE LA FAIENCERIE ( DEVANT N° 151 ),"{'latitude': 49.6219, 'longitude': 6.1118}",False,False,OPEN,2022-04-11T21:14:52Z,True,False,NULL,"{'availabilities': {'bikes': 8, 'stands': 11, 'mechanicalBikes': 0, 'electricalBikes': 8, 'electricalInternalBatteryBikes': 8, 'electricalRemovableBatteryBikes': 0}, 'capacity': 19}","{'availabilities': {'bikes': 8, 'stands': 11, 'mechanicalBikes': 0, 'electricalBikes': 8, 'electricalInternalBatteryBikes': 8, 'electricalRemovableBatteryBikes': 0}, 'capacity': 19}",NULL
102,3,luxembourg,#00003-STROOSSBUERGER PLAZ,STROOSSBUERGER PLAZ - PLACE DE STRASBOURG ( FACE N° 41 ),"{'latitude': 49.600541, 'longitude': 6.128376}",False,False,OPEN,2022-04-11T21:13:55Z,True,False,NULL,"{'availabilities': {'bikes': 12, 'stands': 5, 'mechanicalBikes': 0, 'electricalBikes': 14, 'electricalInternalBatteryBikes': 14, 'electricalRemovableBatteryBikes': 0}, 'capacity': 20}","{'availabilities': {'bikes': 12, 'stands': 5, 'mechanicalBikes': 0, 'electricalBikes': 14, 'electricalInternalBatteryBikes': 14, 'electricalRemovableBatteryBikes': 0}, 'capacity': 20}",NULL
103,60,luxembourg,#00060-BOCH,BOCH - RUE J-F BOCH,"{'latitude': 49.61925, 'longitude': 6.10842}",False,False,OPEN,2022-04-11T21:11:08Z,True,False,NULL,"{'availabilities': {'bikes': 12, 'stands': 8, 'mechanicalBikes': 0, 'electricalBikes': 12, 'electricalInternalBatteryBikes': 12, 'electricalRemovableBatteryBikes': 0}, 'capacity': 20}","{'availabilities': {'bikes': 12, 'stands': 8, 'mechanicalBikes': 0, 'electricalBikes': 12, 'electricalInternalBatteryBikes': 12, 'electricalRemovableBatteryBikes': 0}, 'capacity': 20}",NULL
104,107,luxembourg,#00107-GARE,GARE - RUE DE LA GARE N°166,"{'latitude': 49.586736, 'longitude': 6.05966}",False,False,OPEN,2022-04-11T21:14:22Z,True,False,NULL,"{'availabilities': {'bikes': 8, 'stands': 12, 'mechanicalBikes': 0, 'electricalBikes': 8, 'electricalInternalBatteryBikes': 8, 'electricalRemovableBatteryBikes': 0}, 'capacity': 20}","{'availabilities': {'bikes': 8, 'stands': 12, 'mechanicalBikes': 0, 'electricalBikes': 8, 'electricalInternalBatteryBikes': 8, 'electricalRemovableBatteryBikes': 0}, 'capacity': 20}",NULL
105,66,luxembourg,#00066-BEIM TENNIS,BEIM TENNIS - RUE DES SCILLAS 55/BANQUE LUXEMBOURG,"{'latitude': 49.579231, 'longitude': 6.134018}",False,False,OPEN,2022-04-11T21:11:33Z,True,False,NULL,"{'availabilities': {'bikes': 1, 'stands': 19, 'mechanicalBikes': 0, 'electricalBikes': 1, 'electricalInternalBatteryBikes': 1, 'electricalRemovableBatteryBikes': 0}, 'capacity': 20}","{'availabilities': {'bikes': 1, 'stands': 19, 'mechanicalBikes': 0, 'electricalBikes': 1, 'electricalInternalBatteryBikes': 1, 'electricalRemovableBatteryBikes': 0}, 'capacity': 20}",NULL
106,40,luxembourg,#00040-GLACIS KAPELL,GLACIS KAPELL - BOULEVARD DE LA FOIRE ( DEVANT N° 21 ),"{'latitude': 49.6147, 'longitude': 6.1211}",False,False,OPEN,2022-04-11T21:13:11Z,True,False,NULL,"{'availabilities': {'bikes': 5, 'stands': 10, 'mechanicalBikes': 0, 'electricalBikes': 5, 'electricalInternalBatteryBikes': 5, 'electricalRemovableBatteryBikes': 0}, 'capacity': 15}","{'availabilities': {'bikes': 5, 'stands': 10, 'mechanicalBikes': 0, 'electricalBikes': 5, 'electricalInternalBatteryBikes': 5, 'electricalRemovableBatteryBikes': 0}, 'capacity': 15}",NULL
107,32,luxembourg,#00032-PISCINE OLYMPIQUE,PISCINE OLYMPIQUE - RUE LEON HENGEN,"{'latitude': 49.623901, 'longitude': 6.150013}",False,False,OPEN,2022-04-11T21:12:06Z,True,False,NULL,"{'availabilities': {'bikes': 4, 'stands': 16, 'mechanicalBikes': 0, 'electricalBikes': 5, 'electricalInternalBatteryBikes': 5, 'electricalRemovableBatteryBikes': 0}, 'capacity': 20}","{'availabilities': {'bikes': 4, 'stands': 16, 'mechanicalBikes': 0, 'electricalBikes': 4, 'electricalInternalBatteryBikes': 4, 'electricalRemovableBatteryBikes': 0}, 'capacity': 20}",NULL
108,110,luxembourg,#00110-ROND-POINT GASSECHTBIERG,ROND-POINT GASSECHTBIERG - ROUTE D'ARLON / RUE DE LA LIBÉRATION,"{'latitude': 49.627159, 'longitude': 6.031948}",False,False,OPEN,2022-04-11T21:12:23Z,True,False,NULL,"{'availabilities': {'bikes': 17, 'stands': 3, 'mechanicalBikes': 0, 'electricalBikes': 17, 'electricalInternalBatteryBikes': 17, 'electricalRemovableBatteryBikes': 0}, 'capacity': 20}","{'availabilities': {'bikes': 17, 'stands': 3, 'mechanicalBikes': 0, 'electricalBikes': 17, 'electricalInternalBatteryBikes': 17, 'electricalRemovableBatteryBikes': 0}, 'capacity': 20}",NULL
109,21,luxembourg,#00021-JEAN MONNET,JEAN MONNET - BOULEVARD KONRAD ADENAUER / RUE ERASME,"{'latitude': 49.625714, 'longitude': 6.148347}",False,False,OPEN,2022-04-11T21:15:15Z,True,False,NULL,"{'availabilities': {'bikes': 3, 'stands': 17, 'mechanicalBikes': 0, 'electricalBikes': 3, 'electricalInternalBatteryBikes': 3, 'electricalRemovableBatteryBikes': 0}, 'capacity': 20}","{'availabilities': {'bikes': 3, 'stands': 17, 'mechanicalBikes': 0, 'electricalBikes': 3, 'electricalInternalBatteryBikes': 3, 'electricalRemovableBatteryBikes': 0}, 'capacity': 20}",NULL
110,93,luxembourg,#00093-GODCHAUX (BONNEVOIE),Rue Auguste Charles/Rue Godchaux,"{'latitude': 49.601652, 'longitude': 6.145533}",False,False,OPEN,2022-04-11T21:12:17Z,True,False,NULL,"{'availabilities': {'bikes': 6, 'stands': 14, 'mechanicalBikes': 0, 'electricalBikes': 6, 'electricalInternalBatteryBikes': 6, 'electricalRemovableBatteryBikes': 0}, 'capacity': 20}","{'availabilities': {'bikes': 6, 'stands': 14, 'mechanicalBikes': 0, 'electricalBikes': 6, 'electricalInternalBatteryBikes': 6, 'electricalRemovableBatteryBikes': 0}, 'capacity': 20}",NULL
111,42,luxembourg,#00042-SQUARE ANDRE,SQUARE ANDRE - SQUARE EDOUARD ANDRE ( DEVANT N° 1 ),"{'latitude': 49.6238, 'longitude': 6.1188}",False,False,OPEN,2022-04-11T21:12:22Z,True,False,NULL,"{'availabilities': {'bikes': 6, 'stands': 13, 'mechanicalBikes': 0, 'electricalBikes': 6, 'electricalInternalBatteryBikes': 6, 'electricalRemovableBatteryBikes': 0}, 'capacity': 20}","{'availabilities': {'bikes': 6, 'stands': 13, 'mechanicalBikes': 0, 'electricalBikes': 6, 'electricalInternalBatteryBikes': 6, 'electricalRemovableBatteryBikes': 0}, 'capacity': 20}",NULL
112,100,luxembourg,#00100-FORT NIEDERGRÜNEWALD,FORT NIEDERGRÜNEWALD - RUE DU FORT NIEDERGRÜNEWALD/KENNEDY,"{'latitude': 49.619439, 'longitude': 6.140894}",False,False,OPEN,2022-04-11T21:13:27Z,True,False,NULL,"{'availabilities': {'bikes': 2, 'stands': 16, 'mechanicalBikes': 0, 'electricalBikes': 3, 'electricalInternalBatteryBikes': 3, 'electricalRemovableBatteryBikes': 0}, 'capacity': 20}","{'availabilities': {'bikes': 2, 'stands': 16, 'mechanicalBikes': 0, 'electricalBikes': 3, 'electricalInternalBatteryBikes': 3, 'electricalRemovableBatteryBikes': 0}, 'capacity': 20}",NULL
113,64,luxembourg,#00064-GRENIER,GRENIER - RUE EDOUARD GRENIER,"{'latitude': 49.59383, 'longitude': 6.14327}",False,False,OPEN,2022-04-11T21:12:09Z,True,False,NULL,"{'availabilities': {'bikes': 18, 'stands': 0, 'mechanicalBikes': 0, 'electricalBikes': 19, 'electricalInternalBatteryBikes': 19, 'electricalRemovableBatteryBikes': 0}, 'capacity': 20}","{'availabilities': {'bikes': 18, 'stands': 0, 'mechanicalBikes': 0, 'electricalBikes': 19, 'electricalInternalBatteryBikes': 19, 'electricalRemovableBatteryBikes': 0}, 'capacity': 20}",NULL
114,46,luxembourg,#00046-LONKECHER STROOSS,LONKECHER STROOSS - ROUTE DE LONGWY ( DEVANT N° 241 ),"{'latitude': 49.60563, 'longitude': 6.10003}",False,False,OPEN,2022-04-11T21:15:04Z,True,False,NULL,"{'availabilities': {'bikes': 9, 'stands': 6, 'mechanicalBikes': 0, 'electricalBikes': 9, 'electricalInternalBatteryBikes': 9, 'electricalRemovableBatteryBikes': 0}, 'capacity': 15}","{'availabilities': {'bikes': 9, 'stands': 6, 'mechanicalBikes': 0, 'electricalBikes': 9, 'electricalInternalBatteryBikes': 9, 'electricalRemovableBatteryBikes': 0}, 'capacity': 15}",NULL
115,61,luxembourg,#00061-FRIEDEN,FRIEDEN - BVD PIERRE FRIEDEN,"{'latitude': 49.637327, 'longitude': 6.164573}",False,False,OPEN,2022-04-11T21:13:43Z,True,False,NULL,"{'availabilities': {'bikes': 11, 'stands': 9, 'mechanicalBikes': 0, 'electricalBikes': 11, 'electricalInternalBatteryBikes': 11, 'electricalRemovableBatteryBikes': 0}, 'capacity': 20}","{'availabilities': {'bikes': 11, 'stands': 9, 'mechanicalBikes': 0, 'electricalBikes': 11, 'electricalInternalBatteryBikes': 11, 'electricalRemovableBatteryBikes': 0}, 'capacity': 20}",NULL
